{"cameraMode":{"drawMode":0,"name":"Shaded","section":"Shading Mode"},"sceneLighting":false,"audioPlay":false,"sceneViewState":{"showFog":true,"showMaterialUpdate":true,"showSkybox":true,"showFlares":true,"showImageEffects":true,"showParticleSystems":true},"in2DMode":false,"pivot":{"x":-0.25279006361961367,"y":-0.041878841817379,"z":-0.2426653802394867},"rotation":{"x":-0.06775593012571335,"y":0.006582909729331732,"z":-0.00043589668348431587,"w":-0.9976801872253418},"size":3.962996006011963,"orthographic":false}