{"cameraMode":{"drawMode":0,"name":"Shaded","section":"Shading Mode"},"sceneLighting":false,"audioPlay":false,"sceneViewState":{"showFog":true,"showMaterialUpdate":true,"showSkybox":true,"showFlares":true,"showImageEffects":true,"showParticleSystems":true},"in2DMode":false,"pivot":{"x":0.7007719278335571,"y":-0.5081281661987305,"z":1.1462160348892213},"rotation":{"x":0.1369962841272354,"y":0.713698148727417,"z":-0.1456470489501953,"w":0.6713076233863831},"size":4.041658401489258,"orthographic":false}