{"cameraMode":{"drawMode":0,"name":"Shaded","section":"Shading Mode"},"sceneLighting":false,"audioPlay":false,"sceneViewState":{"showFog":true,"showMaterialUpdate":true,"showSkybox":true,"showFlares":true,"showImageEffects":true,"showParticleSystems":true},"in2DMode":false,"pivot":{"x":2.750547170639038,"y":-2.8635342121124269,"z":-0.07756762206554413},"rotation":{"x":0.20403864979743958,"y":-0.35465872287750246,"z":0.07961029559373856,"w":0.9089816212654114},"size":4.041658401489258,"orthographic":false}